{"train/loss": 0.6765, "train/learning_rate": 6.666666666666667e-07, "train/rewards/chosen": 0.03223484009504318, "train/rewards/rejected": -0.052171409130096436, "train/rewards/accuracies": 0.375, "train/rewards/margins": 0.08440624922513962, "train/logps/rejected": -18.483840942382812, "train/logps/chosen": -17.345680236816406, "train/logits/rejected": -35.90657424926758, "train/logits/chosen": -36.614524841308594, "train/epoch": 1.0, "train/global_step": 53, "_timestamp": 1707729199.5394475, "_runtime": 2305.6955485343933, "_step": 8, "train/game_log": {"_type": "table-file", "sha256": "b32f8dc193374eb526cc93db1961876adae0c39dfe2ad46b14abc9ccffc9a3a4", "size": 758, "artifact_path": "wandb-client-artifact://lovvv05m7n90pfw6fz95t8rcgt9lhdkd6xq57lf9h592ki5jru3tlqozba9idg5wiw8gr71o28jvubwjo10sl0jrgyhxnk2xa4mtzcgsjdg0q6esbzwix85gi0wfhfxc:latest/train/game_log.table.json", "_latest_artifact_path": "wandb-client-artifact://lovvv05m7n90pfw6fz95t8rcgt9lhdkd6xq57lf9h592ki5jru3tlqozba9idg5wiw8gr71o28jvubwjo10sl0jrgyhxnk2xa4mtzcgsjdg0q6esbzwix85gi0wfhfxc:latest/train/game_log.table.json", "path": "media/table/train/game_log_6_b32f8dc193374eb526cc.table.json", "ncols": 3, "nrows": 8}, "eval/loss": 0.12281416356563568, "eval/runtime": 6.3919, "eval/samples_per_second": 94.808, "eval/steps_per_second": 11.89, "eval/rewards/chosen": 1.1015044450759888, "eval/rewards/rejected": -2.6062464714050293, "eval/rewards/accuracies": 0.9621710777282715, "eval/rewards/margins": 3.7077507972717285, "eval/logps/rejected": -44.85409927368164, "eval/logps/chosen": -7.726271152496338, "eval/logits/rejected": -38.490447998046875, "eval/logits/chosen": -38.844757080078125, "train/train_runtime": 16.5803, "train/train_samples_per_second": 50.301, "train/train_steps_per_second": 3.197, "train/total_flos": 0.0, "train/train_loss": 0.38076935061868633, "_wandb": {"runtime": 172}}