{"train/loss": 0.6867, "train/learning_rate": 6.666666666666667e-07, "train/rewards/chosen": 0.03423304855823517, "train/rewards/rejected": 0.004872983321547508, "train/rewards/accuracies": 0.5625, "train/rewards/margins": 0.02936006709933281, "train/logps/rejected": -23.441207885742188, "train/logps/chosen": -22.82443618774414, "train/logits/rejected": -37.824275970458984, "train/logits/chosen": -37.41490173339844, "train/epoch": 1.0, "train/global_step": 259, "_timestamp": 1707049020.7442195, "_runtime": 1063.13574051857, "_step": 5, "train/train_runtime": 63.6077, "train/train_samples_per_second": 64.976, "train/train_steps_per_second": 4.072, "train/total_flos": 0.0, "train/train_loss": 0.6771873622327238, "train/game_log": {"_type": "table-file", "sha256": "38793b2cb39f334c7a586cc404b6d2a70c7a762433a1fefab64b8b4192b7a97a", "size": 691, "artifact_path": "wandb-client-artifact://91w6bfqj1csdrnn0bd4hfp9g07nqxlr3p08jr6v9a8vm2sf1em304fitelj5ww6joywy25f2v6mbaylr5ujfrmcmqw2mm48d5xic8gohsp7968gq5f5zr6vw1kmswpks:latest/train/game_log.table.json", "_latest_artifact_path": "wandb-client-artifact://91w6bfqj1csdrnn0bd4hfp9g07nqxlr3p08jr6v9a8vm2sf1em304fitelj5ww6joywy25f2v6mbaylr5ujfrmcmqw2mm48d5xic8gohsp7968gq5f5zr6vw1kmswpks:latest/train/game_log.table.json", "path": "media/table/train/game_log_3_38793b2cb39f334c7a58.table.json", "ncols": 3, "nrows": 8}, "eval/loss": 0.6583721041679382, "eval/runtime": 17.2439, "eval/samples_per_second": 102.761, "eval/steps_per_second": 12.874, "eval/rewards/chosen": -0.07089200615882874, "eval/rewards/rejected": -0.17027431726455688, "eval/rewards/accuracies": 0.16835585236549377, "eval/rewards/margins": 0.09938232600688934, "eval/logps/rejected": -23.47320556640625, "eval/logps/chosen": -21.176841735839844, "eval/logits/rejected": -39.958351135253906, "eval/logits/chosen": -39.96798324584961, "_wandb": {"runtime": 498}}