{"train/loss": 0.6951, "train/learning_rate": 6.666666666666667e-07, "train/rewards/chosen": -0.059280477464199066, "train/rewards/rejected": -0.07264769822359085, "train/rewards/accuracies": 0.4375, "train/rewards/margins": 0.013367222622036934, "train/logps/rejected": -13.448566436767578, "train/logps/chosen": -9.695137023925781, "train/logits/rejected": -25.7398624420166, "train/logits/chosen": -27.387577056884766, "train/epoch": 1.0, "train/global_step": 53, "_timestamp": 1707827950.5655098, "_runtime": 1129.8589437007904, "_step": 13, "train/train_runtime": 12.4279, "train/train_samples_per_second": 67.107, "train/train_steps_per_second": 4.265, "train/total_flos": 0.0, "train/train_loss": 0.4130262608798045, "_wandb": {"runtime": 586}}