{"train/loss": 0.6855, "train/learning_rate": 6.666666666666667e-07, "train/rewards/chosen": -0.00651127751916647, "train/rewards/rejected": -0.03235826641321182, "train/rewards/accuracies": 0.5625, "train/rewards/margins": 0.025846995413303375, "train/logps/rejected": -17.838661193847656, "train/logps/chosen": -6.593267440795898, "train/logits/rejected": -27.30413818359375, "train/logits/chosen": -28.577058792114258, "train/epoch": 1.0, "train/global_step": 90, "_timestamp": 1708161668.6375573, "_runtime": 862.272655248642, "_step": 3, "train/train_runtime": 16.3366, "train/train_samples_per_second": 88.146, "train/train_steps_per_second": 5.509, "train/total_flos": 0.0, "train/train_loss": 0.316348350710339, "_wandb": {"runtime": 259}}