{"train/loss": 0.6988, "train/learning_rate": 6.666666666666667e-07, "train/rewards/chosen": 0.05097922682762146, "train/rewards/rejected": 0.028692666441202164, "train/rewards/accuracies": 0.375, "train/rewards/margins": 0.022286564111709595, "train/logps/rejected": -20.073760986328125, "train/logps/chosen": -17.34389305114746, "train/logits/rejected": -37.58525466918945, "train/logits/chosen": -37.97960662841797, "train/epoch": 1.0, "train/global_step": 90, "_timestamp": 1707749336.74862, "_runtime": 90.61108803749084, "_step": 2, "train/train_runtime": 16.8881, "train/train_samples_per_second": 85.267, "train/train_steps_per_second": 5.329, "train/total_flos": 0.0, "train/train_loss": 0.308870001633962, "_wandb": {"runtime": 505}}