{"train/loss": 0.7238, "train/learning_rate": 6.666666666666667e-07, "train/rewards/chosen": -0.054078228771686554, "train/rewards/rejected": 0.0009619975462555885, "train/rewards/accuracies": 0.3125, "train/rewards/margins": -0.05504022538661957, "train/logps/rejected": -11.47909927368164, "train/logps/chosen": -10.550480842590332, "train/logits/rejected": -27.30443572998047, "train/logits/chosen": -28.93408966064453, "train/epoch": 1.0, "train/global_step": 53, "_timestamp": 1708843285.9643707, "_runtime": 354.7120816707611, "_step": 4, "train/game_log": {"_type": "table-file", "sha256": "d63999a624e9410fa6b62caebfb30a0ae74e08bf3c2c100ab979e3b25224eccc", "size": 1485, "artifact_path": "wandb-client-artifact://n4kz4vob8ss3qzlxtpr443q0flbagcwmptm65weabmoe8b2pt3xabp4omxaghl7hhxd3zyc43y1w7f8h1sz0zbtgb2o5czoafcpuritkq6hxnweahcyy8z50yno8jspn:latest/train/game_log.table.json", "_latest_artifact_path": "wandb-client-artifact://n4kz4vob8ss3qzlxtpr443q0flbagcwmptm65weabmoe8b2pt3xabp4omxaghl7hhxd3zyc43y1w7f8h1sz0zbtgb2o5czoafcpuritkq6hxnweahcyy8z50yno8jspn:latest/train/game_log.table.json", "path": "media/table/train/game_log_2_d63999a624e9410fa6b6.table.json", "ncols": 3, "nrows": 16}, "eval/loss": 0.13623873889446259, "eval/runtime": 7.8301, "eval/samples_per_second": 77.394, "eval/steps_per_second": 4.853, "eval/rewards/chosen": 0.0948169007897377, "eval/rewards/rejected": -3.5496742725372314, "eval/rewards/accuracies": 0.9452537894248962, "eval/rewards/margins": 3.64449143409729, "eval/logps/rejected": -49.90129852294922, "eval/logps/chosen": -10.408524513244629, "eval/logits/rejected": -34.30717468261719, "eval/logits/chosen": -35.31922149658203, "train/train_runtime": 18.2855, "train/train_samples_per_second": 45.61, "train/train_steps_per_second": 2.898, "train/total_flos": 0.0, "train/train_loss": 0.3988075053916787, "_wandb": {"runtime": 122}}