{"train/loss": 0.7064, "train/learning_rate": 6.666666666666667e-07, "train/rewards/chosen": -0.031157787889242172, "train/rewards/rejected": -0.03255689516663551, "train/rewards/accuracies": 0.5625, "train/rewards/margins": 0.0013991091400384903, "train/logps/rejected": -15.19946002960205, "train/logps/chosen": -14.10284423828125, "train/logits/rejected": -26.451862335205078, "train/logits/chosen": -27.16022300720215, "train/epoch": 1.0, "train/global_step": 38, "_timestamp": 1708086009.6689825, "_runtime": 1417.5620484352112, "_step": 10, "train/train_runtime": 10.2988, "train/train_samples_per_second": 58.842, "train/train_steps_per_second": 3.69, "train/total_flos": 0.0, "train/train_loss": 0.4902170849473853, "_wandb": {"runtime": 356}}