{"train/loss": 0.7311, "train/learning_rate": 6.666666666666667e-07, "train/rewards/chosen": -0.059683870524168015, "train/rewards/rejected": 0.0036903806030750275, "train/rewards/accuracies": 0.4375, "train/rewards/margins": -0.06337424367666245, "train/logps/rejected": -10.122653007507324, "train/logps/chosen": -12.482726097106934, "train/logits/rejected": -33.461307525634766, "train/logits/chosen": -34.30118179321289, "train/epoch": 1.0, "train/global_step": 38, "_timestamp": 1707724224.9174426, "_runtime": 25.607263565063477, "_step": 3, "train/game_log": {"_type": "table-file", "sha256": "ff4a24e8b24eb4e589b57ef163e28deccb555f550e9d36327df2ffd11ff5d278", "size": 957, "artifact_path": "wandb-client-artifact://0gc2sr5fl738n2x94woo6e6fgqicosplfw507qcnum73o1q7uc3xm309d26ehus0d4hons93hhyraorngrehf9lye7oqxyut3br2ghe08xfhyzzfuuktdb6lilflbdmz:latest/train/game_log.table.json", "_latest_artifact_path": "wandb-client-artifact://0gc2sr5fl738n2x94woo6e6fgqicosplfw507qcnum73o1q7uc3xm309d26ehus0d4hons93hhyraorngrehf9lye7oqxyut3br2ghe08xfhyzzfuuktdb6lilflbdmz:latest/train/game_log.table.json", "path": "media/table/train/game_log_1_ff4a24e8b24eb4e589b5.table.json", "ncols": 3, "nrows": 8}, "eval/loss": 0.33447104692459106, "eval/runtime": 10.0862, "eval/samples_per_second": 82.687, "eval/steps_per_second": 10.41, "eval/rewards/chosen": 0.5490488409996033, "eval/rewards/rejected": -0.5538287162780762, "eval/rewards/accuracies": 0.9488095045089722, "eval/rewards/margins": 1.1028776168823242, "eval/logps/rejected": -15.055731773376465, "eval/logps/chosen": -7.02671480178833, "eval/logits/rejected": -34.445281982421875, "eval/logits/chosen": -35.5954704284668, "train/train_runtime": 27.4811, "train/train_samples_per_second": 22.052, "train/train_steps_per_second": 1.383, "train/total_flos": 0.0, "train/train_loss": 0.5446332379391319, "_wandb": {"runtime": 189}}