{"train/loss": 0.7056, "train/learning_rate": 6.666666666666667e-07, "train/rewards/chosen": -0.021456805989146233, "train/rewards/rejected": -0.004527190700173378, "train/rewards/accuracies": 0.375, "train/rewards/margins": -0.016929615288972855, "train/logps/rejected": -21.93524169921875, "train/logps/chosen": -21.27513885498047, "train/logits/rejected": -37.301700592041016, "train/logits/chosen": -37.25708770751953, "train/epoch": 1.0, "train/global_step": 333, "_timestamp": 1707046698.1672456, "_runtime": 67.14140272140503, "_step": 1, "train/train_runtime": 68.5515, "train/train_samples_per_second": 77.518, "train/train_steps_per_second": 4.858, "train/total_flos": 0.0, "train/train_loss": 0.6800754925868174, "_wandb": {"runtime": 530}}