{"train/loss": 0.761, "train/learning_rate": 6.666666666666667e-07, "train/rewards/chosen": -0.0127815380692482, "train/rewards/rejected": 0.048941634595394135, "train/rewards/accuracies": 0.4375, "train/rewards/margins": -0.06172317638993263, "train/logps/rejected": -13.849846839904785, "train/logps/chosen": -17.65593719482422, "train/logits/rejected": -36.38990783691406, "train/logits/chosen": -37.20127868652344, "train/epoch": 1.0, "train/global_step": 53, "_timestamp": 1708355551.2501712, "_runtime": 2967.3160552978516, "_step": 11, "train/train_runtime": 10.1936, "train/train_samples_per_second": 81.816, "train/train_steps_per_second": 5.199, "train/total_flos": 0.0, "train/train_loss": 0.43183026561197246, "_wandb": {"runtime": 518}}